{
    "0": {
        "cell_names": [
            90,
            277
        ],
        "cell_voltages": [
            0.6180000000000003,
            0.6140000000000003
        ],
        "match_metric": 14.716518081665047
    },
    "1": {
        "cell_names": [
            102,
            170
        ],
        "cell_voltages": [
            0.6080000000000003,
            0.6120000000000003
        ],
        "match_metric": 14.59757593154908
    },
    "2": {
        "cell_names": [
            93,
            178
        ],
        "cell_voltages": [
            0.5990000000000004,
            0.6240000000000003
        ],
        "match_metric": 13.178068299293525
    },
    "3": {
        "cell_names": [
            126,
            341
        ],
        "cell_voltages": [
            0.6140000000000003,
            0.6170000000000004
        ],
        "match_metric": 11.61469213581086
    },
    "4": {
        "cell_names": [
            145,
            305
        ],
        "cell_voltages": [
            0.5810000000000004,
            0.6310000000000004
        ],
        "match_metric": 9.750705379486092
    },
    "5": {
        "cell_names": [
            60,
            107
        ],
        "cell_voltages": [
            0.5990000000000004,
            0.6000000000000003
        ],
        "match_metric": 8.123353753089908
    },
    "6": {
        "cell_names": [
            191,
            320
        ],
        "cell_voltages": [
            0.6060000000000003,
            0.6060000000000003
        ],
        "match_metric": 7.526634475708012
    },
    "7": {
        "cell_names": [
            231,
            275
        ],
        "cell_voltages": [
            0.6210000000000004,
            0.6140000000000003
        ],
        "match_metric": 6.928449687957768
    },
    "8": {
        "cell_names": [
            82,
            254
        ],
        "cell_voltages": [
            0.6070000000000004,
            0.6160000000000003
        ],
        "match_metric": 6.035584824562077
    },
    "9": {
        "cell_names": [
            123,
            197
        ],
        "cell_voltages": [
            0.6250000000000004,
            0.6140000000000003
        ],
        "match_metric": 5.352543428421024
    },
    "10": {
        "cell_names": [
            280,
            352
        ],
        "cell_voltages": [
            0.6160000000000003,
            0.6230000000000004
        ],
        "match_metric": 4.925078940153124
    }
}