{
    "0": {
        "cells": [
            0,
            4,
            11,
            13,
            18,
            19,
            21,
            28,
            29,
            30,
            43,
            52,
            53,
            59,
            63,
            65,
            69
        ],
        "vectors": [
            [
                0.796,
                2.6000120639801025,
                0.56774145679681
            ],
            [
                0.796,
                2.5950119495391846,
                0.5570809278387766
            ],
            [
                0.796,
                2.6150124073028564,
                0.55689399173155
            ],
            [
                0.796,
                2.6100122928619385,
                0.5425967667422856
            ],
            [
                0.796,
                2.5950119495391846,
                0.536670217823115
            ],
            [
                0.796,
                2.5700113773345947,
                0.5687866071657368
            ],
            [
                0.796,
                2.6200125217437744,
                0.5461358714338113
            ],
            [
                0.796,
                2.6100122928619385,
                0.5779075134211724
            ],
            [
                0.796,
                2.6200125217437744,
                0.5622087105562352
            ],
            [
                0.796,
                2.6250126361846924,
                0.5697047058658948
            ],
            [
                0.796,
                2.5700113773345947,
                0.5984584886885242
            ],
            [
                0.796,
                2.5800116062164307,
                0.5816570670262934
            ],
            [
                0.796,
                2.5800116062164307,
                0.5697079356335534
            ],
            [
                0.796,
                2.6050121784210205,
                0.5675390009374933
            ],
            [
                0.796,
                2.5900118350982666,
                0.5659365655725765
            ],
            [
                0.796,
                2.5850117206573486,
                0.5505273066339089
            ],
            [
                0.796,
                2.5750114917755127,
                0.5657789313266358
            ]
        ],
        "centroid": [
            0.7959999999999999,
            2.5967766958124496,
            0.5638430626584925
        ],
        "variance": [
            1.232595164407831e-32,
            0.00031160595920082923,
            0.00021299217530150206
        ],
        "std": [
            1.1102230246251565e-16,
            0.017652364124978535,
            0.01459425144711102
        ]
    },
    "1": {
        "cells": [
            1
        ],
        "vectors": [
            [
                0.796,
                2.054999589920044,
                0.5070605439430965
            ]
        ],
        "centroid": [
            0.796,
            2.054999589920044,
            0.5070605439430965
        ],
        "variance": [
            0.0,
            0.0,
            0.0
        ],
        "std": [
            0.0,
            0.0,
            0.0
        ]
    },
    "2": {
        "cells": [
            2,
            20,
            37,
            54,
            62
        ],
        "vectors": [
            [
                0.796,
                2.3250057697296143,
                0.551465345292507
            ],
            [
                0.796,
                2.3250057697296143,
                0.5675788039107831
            ],
            [
                0.796,
                2.4050076007843018,
                0.5480612757569145
            ],
            [
                0.796,
                2.3200056552886963,
                0.5687264530048
            ],
            [
                0.796,
                2.3300058841705322,
                0.5584565140308285
            ]
        ],
        "centroid": [
            0.796,
            2.341006135940552,
            0.5588576783991667
        ],
        "variance": [
            0.0,
            0.0010340473333053522,
            6.896411480600566e-05
        ],
        "std": [
            0.0,
            0.03215660637109196,
            0.008304463547153763
        ]
    },
    "3": {
        "cells": [
            3,
            16,
            17,
            22,
            25,
            26,
            33,
            35,
            36,
            39,
            42,
            44,
            46,
            51,
            58,
            68,
            71,
            72
        ],
        "vectors": [
            [
                0.796,
                2.510010004043579,
                0.5593192060478641
            ],
            [
                0.796,
                2.510010004043579,
                0.5209099675697563
            ],
            [
                0.796,
                2.515010118484497,
                0.5350595192985251
            ],
            [
                0.796,
                2.4650089740753174,
                0.5232029138594314
            ],
            [
                0.796,
                2.510010004043579,
                0.5614516111436778
            ],
            [
                0.796,
                2.4900095462799072,
                0.5727417956852819
            ],
            [
                0.796,
                2.500009775161743,
                0.5178683984036361
            ],
            [
                0.796,
                2.540010690689087,
                0.46733432924045437
            ],
            [
                0.796,
                2.4900095462799072,
                0.5592007000602022
            ],
            [
                0.796,
                2.515010118484497,
                0.5415534377094265
            ],
            [
                0.796,
                2.4750092029571533,
                0.5174951270708068
            ],
            [
                0.796,
                2.510010004043579,
                0.5453551734967957
            ],
            [
                0.796,
                2.505009889602661,
                0.5588710837347801
            ],
            [
                0.796,
                2.510010004043579,
                0.5635336792800224
            ],
            [
                0.796,
                2.495009660720825,
                0.5722589398975122
            ],
            [
                0.796,
                2.4700090885162354,
                0.5726599060645703
            ],
            [
                0.796,
                2.4650089740753174,
                0.6015870673356526
            ],
            [
                0.796,
                2.500009775161743,
                0.5776067950886858
            ]
        ],
        "centroid": [
            0.7959999999999998,
            2.4986208544837103,
            0.5482227583881711
        ],
        "variance": [
            4.930380657631324e-32,
            0.0003744770181521834,
            0.000903344104697506
        ],
        "std": [
            2.220446049250313e-16,
            0.019351408686506092,
            0.03005568340093943
        ]
    },
    "4": {
        "cells": [
            5,
            6,
            8,
            9,
            10,
            12,
            14,
            15,
            23,
            27,
            34,
            38,
            41,
            48,
            50,
            55,
            56,
            60,
            61,
            64,
            66,
            70,
            73,
            74,
            75
        ],