{
    "0": {
        "cell_names": [
            15,
            56
        ],
        "cell_voltages": [
            0.515,
            0.504
        ],
        "match_metric": 8.549557090759278
    },
    "1": {
        "cell_names": [
            48,
            55
        ],
        "cell_voltages": [
            0.509,
            0.507
        ],
        "match_metric": 8.143377937316895
    },
    "2": {
        "cell_names": [
            5,
            23
        ],
        "cell_voltages": [
            0.504,
            0.496
        ],
        "match_metric": 7.840131759643555
    },
    "3": {
        "cell_names": [
            12,
            50
        ],
        "cell_voltages": [
            0.495,
            0.497
        ],
        "match_metric": 7.703009002685547
    },
    "4": {
        "cell_names": [
            38,
            74
        ],
        "cell_voltages": [
            0.491,
            0.493
        ],
        "match_metric": 7.25219906616211
    },
    "5": {
        "cell_names": [
            8,
            70
        ],
        "cell_voltages": [
            0.484,
            0.47900000000000004
        ],
        "match_metric": 7.097426525115967
    },
    "6": {
        "cell_names": [
            60,
            64
        ],
        "cell_voltages": [
            0.488,
            0.5
        ],
        "match_metric": 7.000093105316163
    },
    "7": {
        "cell_names": [
            10,
            41
        ],
        "cell_voltages": [
            0.492,
            0.47200000000000003
        ],
        "match_metric": 6.825230247497559
    },
    "8": {
        "cell_names": [
            6,
            9
        ],
        "cell_voltages": [
            0.488,
            0.492
        ],
        "match_metric": 6.59550422668457
    },
    "9": {
        "cell_names": [
            73,
            75
        ],
        "cell_voltages": [
            0.481,
            0.47500000000000003
        ],
        "match_metric": 6.414861236572266
    },
    "10": {
        "cell_names": [
            27,
            61
        ],
        "cell_voltages": [
            0.481,
            0.487
        ],
        "match_metric": 6.292097854614258
    },
    "11": {
        "cell_names": [
            14,
            34
        ],
        "cell_voltages": [
            0.47100000000000003,
            0.485
        ],
        "match_metric": 6.027672374725341
    }
}