{
    "0": {
        "cells": [
            0,
            1,
            2,
            3,
            4,
            5,
            6,
            7,
            8,
            9,
            10
        ],
        "vectors": [
            [
                0.672,
                2.685014009475708,
                0.705527325465963
            ],
            [
                0.68,
                2.6200125217437744,
                0.729657246881414
            ],
            [
                0.672,
                2.6100122928619385,
                0.7327567924235013
            ],
            [
                0.672,
                2.670013666152954,
                0.7276603965962846
            ],
            [
                0.672,
                2.6550133228302,
                0.7014824538853509
            ],
            [
                0.664,
                2.700014352798462,
                0.7145454485702724
            ],
            [
                0.672,
                2.7500154972076416,
                0.7329856925177047
            ],
            [
                0.656,
                2.665013551712036,
                0.6789212113072032
            ],
            [
                0.672,
                2.6400129795074463,
                0.7236636806477619
            ],
            [
                0.672,
                2.6400129795074463,
                0.729796546996051
            ],
            [
                0.68,
                2.6550133228302,
                0.7276823235197266
            ]
        ],
        "centroid": [
            0.6712727272727271,
            2.66274077242071,
            0.7186071926192029
        ],
        "variance": [
            4.019834710743809e-05,
            0.0013926257306292812,
            0.00026363262160738874
        ],
        "std": [
            0.006340216645150077,
            0.037317900940825724,
            0.01623676758494094
        ]
    }
}