{
    "0": {
        "cells": [
            0
        ],
        "vectors": [
            [
                0.796,
                2.4450085163116455,
                0.6293110577822539
            ]
        ],
        "centroid": [
            0.796,
            2.4450085163116455,
            0.6293110577822539
        ],
        "variance": [
            0.0,
            0.0,
            0.0
        ],
        "std": [
            0.0,
            0.0,
            0.0
        ]
    },
    "1": {
        "cells": [
            1,
            2,
            3,
            4,
            5,
            10,
            11,
            12
        ],
        "vectors": [
            [
                0.796,
                2.675013780593872,
                0.5992287462836335
            ],
            [
                0.796,
                2.6100122928619385,
                0.6251360293828135
            ],
            [
                0.796,
                2.5950119495391846,
                0.6231238822537251
            ],
            [
                0.796,
                2.6550133228302,
                0.6196224912397277
            ],
            [
                0.796,
                2.6350128650665283,
                0.6005345748889589
            ],
            [
                0.796,
                2.6550133228302,
                0.6049063750941757
            ],
            [
                0.796,
                2.6350128650665283,
                0.6159819273174781
            ],
            [
                0.796,
                2.665013551712036,
                0.6161092838979932
            ]
        ],
        "centroid": [
            0.7960000000000002,
            2.640637993812561,
            0.6130804137948132
        ],
        "variance": [
            1.232595164407831e-32,
            0.0006590145412559423,
            9.033530167270451e-05
        ],
        "std": [
            1.1102230246251565e-16,
            0.025671278527879017,
            0.009504488501371576
        ]
    },
    "2": {
        "cells": [
            6
        ],
        "vectors": [
            [
                0.796,
                1.9099984169006348,
                0.4596806098183376
            ]
        ],
        "centroid": [
            0.796,
            1.9099984169006348,
            0.4596806098183376
        ],
        "variance": [
            0.0,
            0.0,
            0.0
        ],
        "std": [
            0.0,
            0.0,
            0.0
        ]
    },
    "3": {
        "cells": [
            7,
            8,
            9
        ],
        "vectors": [
            [
                0.796,
                2.715014696121216,
                0.5907979453038018
            ],
            [
                0.796,
                2.7800161838531494,
                0.6096657815780039
            ],
            [
                0.796,
                2.715014696121216,
                0.5422122421888096
            ]
        ],
        "centroid": [
            0.7959999999999999,
            2.736681858698527,
            0.5808919896902051
        ],
        "variance": [
            1.232595164407831e-32,
            0.0009389318683032697,
            0.0008073939743308717
        ],
        "std": [
            1.1102230246251565e-16,
            0.03064199517497628,
            0.028414678853206695
        ]
    }
}