{
    "0": {
        "cell_names": [
            8,
            7
        ],
        "cell_voltages": [
            0.549,
            0.526
        ],
        "match_metric": 6.487722229957581
    },
    "1": {
        "cell_names": [
            2,
            4
        ],
        "cell_voltages": [
            0.543,
            0.544
        ],
        "match_metric": 6.500356946945191
    },
    "2": {
        "cell_names": [
            10,
            12
        ],
        "cell_voltages": [
            0.544,
            0.547
        ],
        "match_metric": 6.109687814712525
    },
    "3": {
        "cell_names": [
            1,
            5
        ],
        "cell_voltages": [
            0.526,
            0.533
        ],
        "match_metric": 5.6974999065399174
    }
}