{
    "0": {
        "cell_names": [
            2,
            9
        ],
        "cell_voltages": [
            0.5570000000000004,
            0.5460000000000005
        ],
        "match_metric": 6.833188801765448
    },
    "1": {
        "cell_names": [
            1,
            3
        ],
        "cell_voltages": [
            0.5500000000000005,
            0.5450000000000004
        ],
        "match_metric": 6.553672785758977
    },
    "2": {
        "cell_names": [
            5,
            6
        ],
        "cell_voltages": [
            0.5390000000000004,
            0.5410000000000004
        ],
        "match_metric": 6.220890884399418
    },
    "3": {
        "cell_names": [
            4,
            10
        ],
        "cell_voltages": [
            0.5360000000000005,
            0.5440000000000005
        ],
        "match_metric": 6.015686187744146
    },
    "4": {
        "cell_names": [
            0,
            8
        ],
        "cell_voltages": [
            0.5320000000000005,
            0.5470000000000004
        ],
        "match_metric": 5.794311168670659
    }
}