{
    "0": {
        "cells": [
            "TEST0",
            "TEST1",
            "TEST2",
            "TEST3"
        ],
        "vectors": [
            [
                0.711,
                6.15,
                0.829391787588762
            ],
            [
                0.721,
                6.15,
                0.8178884340854505
            ],
            [
                0.731,
                6.15,
                0.8066998098161555
            ],
            [
                0.741,
                6.15,
                0.7958131727066259
            ]
        ],
        "centroid": [
            0.726,
            6.15,
            0.8124483010492485
        ],
        "variance": [
            0.00012500000000000022,
            0.0,
            0.00015661235749968105
        ],
        "std": [
            0.011180339887498959,
            0.0,
            0.012514485906327956
        ]
    }
}