{
    "0": {
        "cells": [
            0,
            3,
            4,
            5,
            6,
            7
        ],
        "vectors": [
            [
                0.796,
                2.520010232925415,
                0.5837410981838357
            ],
            [
                0.796,
                2.5900118350982666,
                0.5556435083461707
            ],
            [
                0.796,
                2.550010919570923,
                0.5593541347328814
            ],
            [
                0.796,
                2.510010004043579,
                0.566827005771834
            ],
            [
                0.796,
                2.6300127506256104,
                0.5778775366147324
            ],
            [
                0.792,
                2.550010919570923,
                0.5648631871984618
            ]
        ],
        "centroid": [
            0.7953333333333333,
            2.5583444436391196,
            0.5680510784746526
        ],
        "variance": [
            2.2222222222222263e-06,
            0.0016806324861641363,
            9.733027162743697e-05
        ],
        "std": [
            0.0014907119849998612,
            0.04099551787896009,
            0.00986561055522855
        ]
    },
    "1": {
        "cells": [
            1
        ],
        "vectors": [
            [
                0.796,
                2.220003366470337,
                0.5291082720284251
            ]
        ],
        "centroid": [
            0.796,
            2.220003366470337,
            0.5291082720284251
        ],
        "variance": [
            0.0,
            0.0,
            0.0
        ],
        "std": [
            0.0,
            0.0,
            0.0
        ]
    },
    "2": {
        "cells": [
            2
        ],
        "vectors": [
            [
                0.796,
                3.940042734146118,
                0.6898317013853472
            ]
        ],
        "centroid": [
            0.796,
            3.940042734146118,
            0.6898317013853472
        ],
        "variance": [
            0.0,
            0.0,
            0.0
        ],
        "std": [
            0.0,
            0.0,
            0.0
        ]
    },
    "3": {
        "cells": [
            8
        ],
        "vectors": [
            [
                0.792,
                2.4900095462799072,
                0.2799670595205808
            ]
        ],
        "centroid": [
            0.792,
            2.4900095462799072,
            0.2799670595205808
        ],
        "variance": [
            0.0,
            0.0,
            0.0
        ],
        "std": [
            0.0,
            0.0,
            0.0
        ]
    }
}