{
    "0": {
        "cells": [
            0,
            3,
            4,
            5,
            6
        ],
        "vectors": [
            [
                0.796,
                2.520010232925415,
                0.5837410981838357
            ],
            [
                0.796,
                2.5900118350982666,
                0.5556435083461707
            ],
            [
                0.796,
                2.550010919570923,
                0.5593541347328814
            ],
            [
                0.796,
                2.510010004043579,
                0.566827005771834
            ],
            [
                0.796,
                2.6300127506256104,
                0.5778775366147324
            ]
        ],
        "centroid": [
            0.796,
            2.560011148452759,
            0.5686886567298908
        ],
        "variance": [
            0.0,
            0.002000091553782113,
            0.00011435728976360912
        ],
        "std": [
            0.0,
            0.04472238314068373,
            0.010693796788961773
        ]
    },
    "1": {
        "cells": [
            1
        ],
        "vectors": [
            [
                0.796,
                2.220003366470337,
                0.5291082720284251
            ]
        ],
        "centroid": [
            0.796,
            2.220003366470337,
            0.5291082720284251
        ],
        "variance": [
            0.0,
            0.0,
            0.0
        ],
        "std": [
            0.0,
            0.0,
            0.0
        ]
    },
    "2": {
        "cells": [
            2
        ],
        "vectors": [
            [
                0.796,
                3.940042734146118,
                0.6898317013853472
            ]
        ],
        "centroid": [
            0.796,
            3.940042734146118,
            0.6898317013853472
        ],
        "variance": [
            0.0,
            0.0,
            0.0
        ],
        "std": [
            0.0,
            0.0,
            0.0
        ]
    }
}