{
    "0": {
        "cells": [
            0,
            1,
            2,
            3,
            4,
            5
        ],
        "vectors": [
            [
                0.632,
                2.555011034011841,
                0.7229293426969372
            ],
            [
                0.664,
                2.5700113773345947,
                0.670571488413641
            ],
            [
                0.632,
                2.545010805130005,
                0.7050787409960134
            ],
            [
                0.624,
                2.510010004043579,
                0.7272433460346922
            ],
            [
                0.6960000000000001,
                2.665013551712036,
                0.6506194148587829
            ],
            [
                0.656,
                2.5850117206573486,
                0.6668851862335125
            ]
        ],
        "centroid": [
            0.6506666666666667,
            2.571678082148234,
            0.6905545865389299
        ],
        "variance": [
            0.0006115555555555567,
            0.0022806599522987706,
            0.0008599206051578953
        ],
        "std": [
            0.0247296493213219,
            0.04775625563524396,
            0.029324402895163873
        ]
    }
}