{
    "0": {
        "cell_names": [
            0,
            5
        ],
        "cell_voltages": [
            0.505,
            0.502
        ],
        "match_metric": 7.925223373413086
    },
    "1": {
        "cell_names": [
            4,
            6
        ],
        "cell_voltages": [
            0.5650000000000001,
            0.5060000000000004
        ],
        "match_metric": 6.09943353366852
    }
}