{
    "0": {
        "cell_names": [
            0,
            3
        ],
        "cell_voltages": [
            0.5030000000000003,
            0.5120000000000005
        ],
        "match_metric": 8.155663266181953
    },
    "1": {
        "cell_names": [
            2,
            4
        ],
        "cell_voltages": [
            0.5620000000000005,
            0.5090000000000003
        ],
        "match_metric": 6.286862823486333
    },
    "2": {
        "cell_names": [
            1,
            5
        ],
        "cell_voltages": [
            0.5050000000000003,
            0.5030000000000003
        ],
        "match_metric": 4.722540023803714
    }
}