{
    "0": {
        "cells": {
            "0": "RP 199"
        },
        "vectors": [
            [
                0.47200000000000003,
                1.5149987936019897,
                0.25507637496602176
            ]
        ],
        "centroid": [
            0.47200000000000003,
            1.5149987936019897,
            0.25507637496602176
        ],
        "variance": [
            0.0,
            0.0,
            0.0
        ],
        "std": [
            0.0,
            0.0,
            0.0
        ]
    },
    "1": {
        "cells": {
            "1": "RP 206",
            "3": "RP 208",
            "16": "RP 90"
        },
        "vectors": [
            [
                0.672,
                3.135024309158325,
                0.5101156459662024
            ],
            [
                0.68,
                3.2750275135040283,
                0.5049975818542559
            ],
            [
                0.6960000000000001,
                3.0950233936309814,
                0.2598719294828439
            ]
        ],
        "centroid": [
            0.6826666666666666,
            3.168358405431112,
            0.42499505243443414
        ],
        "variance": [
            9.955555555555573e-05,
            0.005955828182373402,
            0.013637188630018652
        ],
        "std": [
            0.009977753031397186,
            0.07717401235113672,
            0.11677837398259427
        ]
    },
    "2": {
        "cells": {
            "2": "RP 207"
        },
        "vectors": [
            [
                0.68,
                5.920087814331055,
                0.3043298218537407
            ]
        ],
        "centroid": [
            0.68,
            5.920087814331055,
            0.3043298218537407
        ],
        "variance": [
            0.0,
            0.0,
            0.0
        ],
        "std": [
            0.0,
            0.0,
            0.0
        ]
    },
    "3": {
        "cells": {
            "4": "RP 209"
        },
        "vectors": [
            [
                0.6880000000000001,
                6.675105094909668,
                0.42395945520096345
            ]
        ],
        "centroid": [
            0.6880000000000001,
            6.675105094909668,
            0.42395945520096345
        ],
        "variance": [
            0.0,
            0.0,
            0.0
        ],
        "std": [
            0.0,
            0.0,
            0.0
        ]
    },
    "4": {
        "cells": {
            "5": "RP 230"
        },
        "vectors": [
            [
                0.664,
                7.770130157470703,
                0.28580554464717195
            ]
        ],
        "centroid": [
            0.664,
            7.770130157470703,
            0.28580554464717195
        ],
        "variance": [
            0.0,
            0.0,
            0.0
        ],
        "std": [
            0.0,
            0.0,
            0.0
        ]
    },
    "5": {
        "cells": {
            "6": "RP 50",
            "7": "RP 51",
            "8": "RP 52",
            "9": "RP 53",
            "10": "RP 55",
            "11": "RP 56",
            "12": "RP 57",
            "13": "RP 58",
            "14": "RP 59",
            "15": "RP 5"
        },
        "vectors": [
            [
                0.64,
                2.2850048542022705,
                0.7396046133636199
            ],
            [
                0.632,
                2.3150055408477783,
                0.7440730506572545
            ],
            [
                0.632,
                2.2750046253204346,
                0.7703424868065715
            ],
            [
                0.632,
                2.4650089740753174,
                0.7279109522808387
            ],
            [
                0.624,
                2.3100054264068604,
                0.7143398236413259
            ],
            [
                0.632,
                2.2550041675567627,
                0.7598294169444106
            ],
            [
                0.632,
                2.4450085163116455,
                0.7355736096324084
            ],
            [
                0.632,
                2.2650043964385986,
                0.7385907277893445
            ],
            [
                0.624,
                2.345006227493286,
                0.72202054478893
            ],
            [
                0.624,
                2.200002908706665,
                0.5157331753837343
            ]
        ],
        "centroid": [
            0.6304,
            2.316005563735962,
            0.7168018401288438
        ],
        "variance": [
            2.304000000000004e-05,
            0.006214284457601025,
            0.004739411027864802
        ],
        "std": [
            0.004800000000000004,
            0.07883073295105802,
            0.06884338042153945
        ]
    }
}