{
    "0": {
        "cells": [
            0,
            1,
            4,
            5,
            6,
            9,
            10,
            11,
            14,
            20,
            22,
            25
        ],
        "vectors": [
            [
                0.796,
                2.68001389503479,
                0.6196643630187706
            ],
            [
                0.796,
                2.690014123916626,
                0.615501879922474
            ],
            [
                0.796,
                2.665013551712036,
                0.6119141056964754
            ],
            [
                0.796,
                2.6500132083892822,
                0.6305480247314937
            ],
            [
                0.796,
                2.700014352798462,
                0.6055263578016881
            ],
            [
                0.796,
                2.695014238357544,
                0.6278505337180227
            ],
            [
                0.796,
                2.6500132083892822,
                0.5996002818852643
            ],
            [
                0.796,
                2.68001389503479,
                0.6234895263632724
            ],
            [
                0.796,
                2.7550156116485596,
                0.6129180193195227
            ],
            [
                0.796,
                2.6450130939483643,
                0.629231969922074
            ],
            [
                0.796,
                2.6250126361846924,
                0.6140407461444568
            ],
            [
                0.796,
                2.6400129795074463,
                0.6147012450792244
            ]
        ],
        "centroid": [
            0.7960000000000002,
            2.6729303995768228,
            0.6170822544668949
        ],
        "variance": [
            1.232595164407831e-32,
            0.0011352950234532323,
            8.27704251380608e-05
        ],
        "std": [
            1.1102230246251565e-16,
            0.03369413930423557,
            0.009097825297182883
        ]
    },
    "1": {
        "cells": [
            2,
            3,
            7,
            8,
            12,
            13,
            16,
            17,
            18,
            21,
            23,
            24
        ],
        "vectors": [
            [
                0.796,
                2.6050121784210205,
                0.5965032875411062
            ],
            [
                0.796,
                2.6100122928619385,
                0.5931947724070493
            ],
            [
                0.796,
                2.5750114917755127,
                0.6336331805164184
            ],
            [
                0.796,
                2.540010690689087,
                0.6265765213017563
            ],
            [
                0.796,
                2.5850117206573486,
                0.6108480696236658
            ],
            [
                0.796,
                2.6050121784210205,
                0.6165170736028676
            ],
            [
                0.796,
                2.6100122928619385,
                0.5502980660022044
            ],
            [
                0.796,
                2.5950119495391846,
                0.6367086135155796
            ],
            [
                0.796,
                2.5950119495391846,
                0.612831568497258
            ],
            [
                0.796,
                2.5800116062164307,
                0.6303015146007758
            ],
            [
                0.796,
                2.6000120639801025,
                0.61837926825723
            ],
            [
                0.796,
                2.5900118350982666,
                0.6256753118959619
            ]
        ],
        "centroid": [
            0.7960000000000002,
            2.5908451875050864,
            0.6126222706468226
        ],
        "variance": [
            1.232595164407831e-32,
            0.0003534884030816303,
            0.000522694067127656
        ],
        "std": [
            1.1102230246251565e-16,
            0.018801287271929822,
            0.022862503518373833
        ]
    },
    "2": {
        "cells": [
            15
        ],
        "vectors": [
            [
                0.796,
                2.370006799697876,
                0.6189157786503269
            ]
        ],
        "centroid": [
            0.796,
            2.370006799697876,
            0.6189157786503269
        ],
        "variance": [
            0.0,
            0.0,
            0.0
        ],
        "std": [
            0.0,
            0.0,
            0.0
        ]
    },
    "3": {
        "cells": [
            19
        ],
        "vectors": [
            [
                0.796,
                2.7350151538848877,
                0.26287579386022414
            ]
        ],
        "centroid": [
            0.796,
            2.7350151538848877,
            0.26287579386022414
        ],
        "variance": [
            0.0,
            0.0,
            0.0
        ],
        "std": [
            0.0,
            0.0,
            0.0
        ]
    }
}