{
    "0": {
        "cell_names": [
            13,
            24
        ],
        "cell_voltages": [
            0.542,
            0.5580000000000005
        ],
        "match_metric": 6.792603015899662
    },
    "1": {
        "cell_names": [
            8,
            18
        ],
        "cell_voltages": [
            0.5480000000000005,
            0.552
        ],
        "match_metric": 6.424094581604007
    },
    "2": {
        "cell_names": [
            17,
            23
        ],
        "cell_voltages": [
            0.545,
            0.542
        ],
        "match_metric": 6.032936248779297
    },
    "3": {
        "cell_names": [
            12,
            21
        ],
        "cell_voltages": [
            0.535,
            0.5520000000000005
        ],
        "match_metric": 5.83183664608002
    },
    "4": {
        "cell_names": [
            3,
            7
        ],
        "cell_voltages": [
            0.521,
            0.546
        ],
        "match_metric": 5.607162457466126
    },
    "5": {
        "cell_names": [
            2,
            16
        ],
        "cell_voltages": [
            0.547,
            0.48
        ],
        "match_metric": 4.678043099403382
    }
}